source,headline,timestamp_utc,url,tone
finance.yahoo.com,,2019-01-01T00:30:00,https://finance.yahoo.com/news/edifyonline-massachusetts-institute-technology-mit-214000568.html,4.9645390070922
marketwatch.com,,2019-01-01T00:30:00,https://www.marketwatch.com/press-release/ten-time-grammy-winner-chaka-khan-kicks-off-the-new-year-making-history-at-the-130th-rose-parade-2018-12-31,5.26315789473684
yahoo.com,,2019-01-01T00:45:00,https://www.yahoo.com/news/gabons-president-speaks-first-time-stroke-205910164.html,-2.0979020979021
reuters.com,,2019-01-01T00:45:00,https://www.reuters.com/article/us-health-sexual-orientation-privacy-idUSKCN1OU15O,0.934579439252337
reuters.com,,2019-01-01T00:45:00,https://www.reuters.com/article/us-health-sexual-orientation-privacy/lgbt-patients-may-prefer-to-report-sexual-orientation-in-writing-idUSKCN1OU15O,0.934579439252337
reuters.com,,2019-01-01T01:15:00,https://www.reuters.com/article/us-china-usa/cooperation-best-for-both-chinas-xi-tells-trump-idUSKCN1OV18J,3.0812324929972
finance.yahoo.com,,2019-01-01T01:30:00,https://finance.yahoo.com/news/kim-says-north-korea-path-004818450.html,0.200803212851405
reuters.com,,2019-01-01T01:30:00,https://www.reuters.com/article/us-britain-security-manchester/uk-counter-terrorism-police-investigate-stabbing-in-manchester-idUSKCN1OU17F,-5.68181818181818
reuters.com,,2019-01-01T01:30:00,https://www.reuters.com/www.reuters.com/article/us-johnson-johnson-cancer-crisis/after-damaging-reuters-report-jj-doubles-down-on-talc-safety-message-idUSKCN1OU16D,-3.83954154727794
yahoo.com,,2019-01-01T01:30:00,https://www.yahoo.com/news/syria-deaths-wartime-low-2018-assad-made-gains-143340898.html,-7.73480662983425
investing.com,,2019-01-01T01:30:00,https://www.investing.com/news/stock-market-news/spain-stocks-higher-at-close-of-trade-ibex-35-up-054-1733985,-1.171875
reuters.com,,2019-01-01T01:30:00,https://www.reuters.com/article/us-china-usa-idUSKCN1OV18J,3.0812324929972
reuters.com,,2019-01-01T01:30:00,https://www.reuters.com/article/us-northkorea-kimjongun/north-koreas-kim-says-new-path-inevitable-if-u-s-demands-unilateral-action-idUSKCN1OV18S,1.21212121212121
marketwatch.com,,2019-01-01T01:45:00,https://www.marketwatch.com/story/russia-detains-american-accuses-him-of-spying-2018-12-31,-5.61224489795918
reuters.com,,2019-01-01T01:45:00,https://www.reuters.com/article/us-usa-defense-carriers/u-s-navy-pursuing-block-buy-of-two-aircraft-carriers-senator-idUSKCN1OV189,2.14067278287462
yahoo.com,,2019-01-01T01:45:00,https://www.yahoo.com/lifestyle/elizabeth-warren-united-states-senator-190151135.html,4.54545454545455
reuters.com,,2019-01-01T01:45:00,https://www.reuters.com/article/us-new-year-usa-new-york/glowing-new-years-eve-ball-rises-above-a-sodden-times-square-idUSKCN1OU0NZ,0.127388535031848
reuters.com,,2019-01-01T02:15:00,https://www.reuters.com/article/us-taiwan-china-idUSKCN1OV196,-1.89473684210526
yahoo.com,,2019-01-01T02:15:00,https://www.yahoo.com/news/north-carolina-animal-sanctuary-devastated-221936398.html,-0.8298755186722
reuters.com,,2019-01-01T02:15:00,https://www.reuters.com/article/us-taiwan-china/taiwan-tells-china-to-use-peaceful-means-to-resolve-differences-idUSKCN1OV196,-1.89473684210526
reuters.com,,2019-01-01T02:15:00,https://www.reuters.com/article/us-new-year-scotland/hogmanay-lights-up-scotland-with-fireworks-and-franz-ferdinand-idUSKCN1OU14Q,4.57142857142857
reuters.com,,2019-01-01T02:15:00,https://www.reuters.com/article/us-new-mexico-family-rescue/new-mexico-family-rescued-after-four-days-in-snowy-mountains-idUSKCN1OV199,-1.81818181818182
finance.yahoo.com,,2019-01-01T02:15:00,https://finance.yahoo.com/news/expected-forex-market-2019-200039466.html,-0.625
reuters.com,,2019-01-01T02:15:00,https://www.reuters.com/article/us-britain-security-manchester/uk-counter-terrorism-police-investigate-stabbings-in-manchester-idUSKCN1OU17F,-6.25
reuters.com,,2019-01-01T02:15:00,https://www.reuters.com/article/us-mexico-stocks-idUSKCN1OU15S,-3.84615384615385
finance.yahoo.com,,2019-01-01T02:30:00,https://finance.yahoo.com/news/einhorn-apos-greenlight-extends-decline-011036039.html,-2.44498777506112
reuters.com,,2019-01-01T02:30:00,https://www.reuters.com/article/us-netflix-cfo-exclusive/exclusive-netflix-poaches-cfo-from-activision-blizzard-source-idUSKCN1OV19B,-1.4018691588785
reuters.com,,2019-01-01T02:30:00,https://www.reuters.com/article/northkorea-kimjongun/n-koreas-kim-says-new-path-inevitable-if-u-s-demands-unilateral-action-idUSS6N1MO02M,1.50375939849624
reuters.com,,2019-01-01T02:30:00,https://www.reuters.com/article/us-netflix-cfo-exclusive/netflix-poaches-cfo-from-activision-blizzard-source-idUSKCN1OV19B,-1.4018691588785
reuters.com,,2019-01-01T02:30:00,https://www.reuters.com/article/us-britain-eu/back-my-brexit-deal-and-let-britain-turn-a-corner-uk-pm-may-idUSKCN1OU171,0.414078674948239
reuters.com,,2019-01-01T02:30:00,https://www.reuters.com/article/usa-election-warren/refile-update-7-democrat-warren-takes-step-to-challenge-trump-in-2020-idUSL1N1Z006H,-3.12862108922364
reuters.com,,2019-01-01T03:15:00,https://www.reuters.com/article/us-indonesia-landslide-idUSKCN1OV19U,-7.27272727272727
marketwatch.com,,2019-01-01T03:15:00,https://www.marketwatch.com/story/kim-jong-un-says-he-hopes-for-more-talks-with-trump-in-2019-2018-12-31,-3.48837209302326
reuters.com,,2019-01-01T03:15:00,https://www.reuters.com/article/us-indonesia-landslide/indonesia-landslides-kill-at-least-two-leave-dozens-missing-idUSKCN1OV19U,-7.27272727272727
investing.com,,2019-01-01T03:45:00,https://www.investing.com/news/technology-news/workaround-systems-help-print-us-newspapers-hit-by-cyber-attack-source-1734043,-3.71621621621622
investing.com,,2019-01-01T03:45:00,https://www.investing.com/news/stock-market-news/north-koreas-kim-says-new-path-inevitable-if-us-demands-unilateral-action-1734204,-0.326797385620915
investing.com,,2019-01-01T03:45:00,https://www.investing.com/news/politics-news/us-navy-pursuing-block-buy-of-two-aircraft-carriers-senator-1734212,1.92307692307692
investing.com,,2019-01-01T03:45:00,https://www.investing.com/news/technology-news/netflix-poaches-cfo-from-activision-blizzard-source-1734217,-2.1978021978022
yahoo.com,,2019-01-01T03:45:00,https://www.yahoo.com/entertainment/missouri-man-charged-apos-chilling-212150915.html,-8.55614973262032
finance.yahoo.com,,2019-01-01T03:45:00,https://finance.yahoo.com/news/opportunity-america-10-years-financial-021718855.html,-0.195694716242661
reuters.com,,2019-01-01T04:00:00,https://www.reuters.com/article/us-china-usa/cooperation-best-for-both-china-and-u-s-xi-tells-trump-idUSKCN1OV18J,2.32558139534884
reuters.com,,2019-01-01T04:00:00,https://www.reuters.com/article/us-new-year-usa-military/u-s-strategic-command-apologizes-for-tweet-about-dropping-bombs-idUSKCN1OV19D,-0.5
yahoo.com,,2019-01-01T04:15:00,https://www.yahoo.com/news/bangladesh-poll-landslide-raises-democracy-fears-analysts-023510686.html,-4.56490727532097
finance.yahoo.com,,2019-01-01T04:15:00,https://finance.yahoo.com/news/tropical-cyclone-barrels-toward-australia-233820669.html,-3.04568527918782
reuters.com,,2019-01-01T04:15:00,https://www.reuters.com/article/australia-weather-idUSL3N1Z1019,-2.58064516129032
reuters.com,,2019-01-01T04:30:00,https://www.reuters.com/article/us-northkorea-kimjongun/north-koreas-kim-says-new-path-inevitable-if-us-demands-unilateral-action-idUSKCN1OV18S,-0.151975683890577
reuters.com,,2019-01-01T04:30:00,https://www.reuters.com/article/us-brazil-politics/brazil-to-inaugurate-far-right-firebrand-bolsonaro-president-idUSKCN1OV1AU,-2.45098039215686
reuters.com,,2019-01-01T04:30:00,https://www.reuters.com/article/us-japan-security/car-crashes-into-new-years-crowd-in-tokyo-in-suspected-terror-attack-eight-injured-idUSKCN1OV1AY,-4.48717948717949
reuters.com,,2019-01-01T04:45:00,https://www.reuters.com/article/us-new-year-usa-new-york/times-square-awash-in-cold-rain-high-spirits-in-waning-hours-of-2018-idUSKCN1OU0NZ,1.17508813160987
reuters.com,,2019-01-01T04:45:00,https://www.reuters.com/article/southkorea-economy-trade-idUSL3N1YT1UX,-1.31578947368421
yahoo.com,,2019-01-01T04:45:00,https://www.yahoo.com/news/brazil-inaugurate-far-firebrand-bolsonaro-president-040421148.html,-2.73037542662116
yahoo.com,,2019-01-01T05:00:00,https://www.yahoo.com/news/trump-taunts-democrats-over-mexico-wall-negotiations-182810581.html,-2.61096605744125
marketwatch.com,,2019-01-01T05:00:00,https://www.marketwatch.com/press-release/commonwealth-hotels-appoints-michael-fay-field-director-of-sales-2018-12-31,4.40251572327044
marketwatch.com,,2019-01-01T05:00:00,https://www.marketwatch.com/investing/stock/fjta4,0.869565217391304
finance.yahoo.com,,2019-01-01T05:15:00,https://finance.yahoo.com/news/modi-misses-power-goal-1-032256599.html,1.02880658436214
finance.yahoo.com,,2019-01-01T05:30:00,https://finance.yahoo.com/news/osiris-rex-probe-goes-close-000155671.html,1.08303249097473
yahoo.com,,2019-01-01T05:30:00,https://www.yahoo.com/news/china-taking-advantage-taiwans-openness-warns-tsai-045946539.html,-1.00603621730382
yahoo.com,,2019-01-01T05:45:00,https://www.yahoo.com/news/netanyahu-says-israel-arabs-ally-against-iran-041636015.html,-1.11524163568773
reuters.com,,2019-01-01T05:45:00,https://www.reuters.com/article/us-new-year-usa-new-york/thousands-brave-rain-in-new-yorks-times-square-to-welcome-2019-idUSKCN1OU0NZ,1.93236714975845
yahoo.com,,2019-01-01T06:00:00,https://www.yahoo.com/news/xi-trump-vow-cooperation-diplomatic-anniversary-state-media-051233264.html,-1.75953079178886
yahoo.com,,2019-01-01T06:00:00,https://www.yahoo.com/news/congo-opposition-ruling-coalition-both-theyve-won-chaotic-085326371.html,-4.78199718706048
reuters.com,,2019-01-01T06:00:00,https://www.reuters.com/article/us-japan-security-idUSKCN1OV1AY,-5.3030303030303
reuters.com,,2019-01-01T06:00:00,https://www.reuters.com/article/us-brazil-politics-idUSKCN1OV1AU,-2.45098039215686
finance.yahoo.com,,2019-01-01T06:15:00,https://finance.yahoo.com/news/asia-jet-fuel-cash-discounts-narrow-market-eyes-103802572--finance.html,-0.680272108843538
yahoo.com,,2019-01-01T06:30:00,https://www.yahoo.com/news/north-korean-leader-says-path-043142770.html,-2.56410256410256
yahoo.com,,2019-01-01T06:30:00,https://www.yahoo.com/entertainment/road-rules-alum-veronica-portillo-215022480.html,1.66666666666667
reuters.com,,2019-01-01T06:45:00,https://www.reuters.com/article/us-macau-gambling-revenues/macau-casinos-rake-in-37-6-billion-gaming-revenue-in-2018-idUSKCN1OV1BR,-0.350877192982456
marketwatch.com,,2019-01-01T07:00:00,https://www.marketwatch.com/press-release/southern-company-closes-sale-of-gulf-power-to-nextera-energy-2019-01-01,0.552147239263804
marketwatch.com,,2019-01-01T07:00:00,https://www.marketwatch.com/press-release/the-tony-elumelu-foundation-opens-applications-for-fifth-cycle-of-100m-entrepreneurship-programme-2019-01-01,5.20325203252033
finance.yahoo.com,,2019-01-01T07:00:00,https://finance.yahoo.com/news/americans-taught-us-apos-risking-200057817.html,-0.963222416812609
marketwatch.com,,2019-01-01T07:00:00,https://www.marketwatch.com/press-release/nextera-energy-completes-acquisition-of-gulf-power-from-southern-company-2019-01-01,3.05010893246187
reuters.com,,2019-01-01T07:15:00,https://www.reuters.com/article/us-space-new-horizons/nasa-probe-believed-to-have-passed-distant-space-rock-on-landmark-mission-idUSKCN1OV1C8,-0.572519083969466
yahoo.com,,2019-01-01T07:30:00,https://www.yahoo.com/news/taiwan-tax-protesters-cite-french-yellow-vest-success-043253332.html,-5.90476190476191
reuters.com,,2019-01-01T07:45:00,https://www.reuters.com/article/us-india-palmoil-tax/india-cuts-tax-on-crude-refined-palm-oil-imports-from-asean-countries-idUSKCN1OV1AM,-5.26315789473684
reuters.com,,2019-01-01T07:45:00,https://www.reuters.com/article/us-japan-security/vehicle-plows-into-new-years-crowd-in-tokyo-injures-eight-people-idUSKCN1OV1AY,-4.81586402266289
reuters.com,,2019-01-01T07:45:00,https://www.reuters.com/article/us-thailand-king/thai-king-to-be-crowned-in-coronation-ceremonies-may-4-6-idUSKCN1OV1BY,4.04040404040404
yahoo.com,,2019-01-01T08:00:00,https://www.yahoo.com/news/california-authorities-seek-motive-triple-slaying-193007714.html,-8.09061488673139
reuters.com,,2019-01-01T08:00:00,https://www.reuters.com/article/us-space-new-horizons-idUSKCN1OV1C8,-0.572519083969466
reuters.com,,2019-01-01T08:15:00,https://www.reuters.com/article/dobank-acquisition-idUSL8N1Y83MQ,3.34928229665072
reuters.com,,2019-01-01T08:15:00,https://www.reuters.com/article/us-thailand-king/thai-king-to-be-crowned-in-ceremonies-may-4-6-idUSKCN1OV1BY,4.56989247311828
investing.com,,2019-01-01T08:30:00,https://www.investing.com/news/world-news/car-crashes-into-new-years-crowd-in-tokyo-in-suspected-terror-attack-eight-injured-1734228,-5.48780487804878
marketwatch.com,,2019-01-01T08:30:00,https://www.marketwatch.com/press-release/cellcom-israel-announces-results-of-annual-general-meeting-of-shareholders-2019-01-01,1.06951871657754
yahoo.com,,2019-01-01T08:30:00,https://www.yahoo.com/news/brazil-enters-era-far-president-060146625.html,-1.73611111111111
investing.com,,2019-01-01T08:30:00,https://www.investing.com/news/general-news/nfl-league-under-scrutiny-for-lack-of-minority-coaches-1734247,0.0
reuters.com,,2019-01-01T08:30:00,https://www.reuters.com/article/us-mozambique-finance-minister-arrests/mozambican-ex-finance-minister-held-in-south-africa-on-us-charges-police-idUSKCN1OU12O,-8.28402366863905
investing.com,,2019-01-01T08:30:00,https://www.investing.com/news/economic-indicators/brazil-to-inaugurate-farright-firebrand-bolsonaro-president-1734229,-2.76338514680484
investing.com,,2019-01-01T08:30:00,https://www.investing.com/analysis/2019-roundtable-outlook-200370471,-2.28571428571429
yahoo.com,,2019-01-01T08:30:00,https://www.yahoo.com/news/south-africa-ousted-president-speaks-mind-twitter-101909584.html,-3.48837209302326
investing.com,,2019-01-01T08:30:00,https://www.investing.com/news/world-news/thai-king-to-be-crowned-in-coronation-ceremonies-may-46-palace-1734240,4.62962962962963
investing.com,,2019-01-01T08:30:00,https://www.investing.com/news/world-news/indonesia-landslides-kill-at-least-two-leave-dozens-missing-1734220,-9.47368421052632
reuters.com,,2019-01-01T08:45:00,https://www.reuters.com/article/us-thailand-king-idUSKCN1OV1BY,4.56989247311828
finance.yahoo.com,,2019-01-01T08:45:00,https://finance.yahoo.com/news/india-cuts-tax-palm-oil-071512240.html,-2.75049115913556
yahoo.com,,2019-01-01T08:45:00,https://www.yahoo.com/news/brazils-far-leader-puts-crime-sights-060314307.html,-3.47490347490347
reuters.com,,2019-01-01T09:00:00,https://www.reuters.com/article/diary-top-econ/diary-top-economic-events-to-feb-22-idUSL3N1Z029G,0.512070226773958
marketwatch.com,,2019-01-01T09:15:00,https://www.marketwatch.com/press-release/thoma-bravo-completes-acquisition-of-veracode-software-2019-01-01,3.60902255639098
reuters.com,,2019-01-01T09:15:00,https://www.reuters.com/article/macau-gambling-revenues/refile-macau-casinos-rake-in-37-6-bln-gaming-revenue-in-2018-idUSENNICL0S8,-0.664451827242525
yahoo.com,,2019-01-01T09:30:00,https://www.yahoo.com/news/vietnams-draconian-cybersecurity-bill-comes-effect-070028409.html,-4.78011472275335
reuters.com,,2019-01-01T09:30:00,https://www.reuters.com/article/us-usa-afghanistan-people/afghanistans-neighbors-fear-refugee-crisis-if-u-s-pulls-out-idUSKCN1OV1E4,-3.75854214123007
investing.com,,2019-01-01T09:30:00,https://www.investing.com/news/commodities-news/us-crude-rounds-out-year-at-45-more-weakness-volatility-seen-1734044,-1.96506550218341
reuters.com,,2019-01-01T09:45:00,https://www.reuters.com/article/saudi-sukuk/saudi-arabia-sells-1-285-billion-riyals-sukuk-in-monthly-issue-idUSC6N1Y001P,0.99009900990099
marketwatch.com,,2019-01-01T09:45:00,https://www.marketwatch.com/story/4-new-years-resolutions-that-will-save-you-money-in-2019-2019-01-01,1.02389078498294
marketwatch.com,,2019-01-01T09:45:00,https://www.marketwatch.com/story/the-difference-between-a-correction-and-a-bear-market-and-5-other-financial-terms-to-know-for-2019-2019-01-01,-4.82041587901701
reuters.com,,2019-01-01T10:00:00,https://www.reuters.com/article/us-britain-security-manchester/uk-counter-terrorism-police-probe-new-years-eve-stabbings-in-manchester-idUSKCN1OU17F,-6.68604651162791
reuters.com,,2019-01-01T10:00:00,https://www.reuters.com/article/oman-budget-idUSD5N1WP008,-0.793650793650794
reuters.com,,2019-01-01T10:00:00,https://www.reuters.com/article/us-usa-afghanistan-people-idUSKCN1OV1E4,-3.75854214123007
yahoo.com,,2019-01-01T10:15:00,https://www.yahoo.com/news/israels-ramon-airport-near-red-sea-resort-eilat-094859836.html,0.483091787439613
reuters.com,,2019-01-01T10:30:00,https://www.reuters.com/article/us-new-year-usa-military/us-strategic-command-apologizes-for-tweet-about-dropping-bombs-idUSKCN1OV19D,-0.5
reuters.com,,2019-01-01T10:30:00,https://www.reuters.com/article/us-hongkong-politics-idUSKCN1OV1F1,-2.98804780876494
reuters.com,,2019-01-01T10:45:00,https://www.reuters.com/article/us-israel-airport-eilat/israels-ramon-airport-near-red-sea-resort-of-eilat-to-open-january-22-idUSKCN1OV1EN,0.833333333333333
yahoo.com,,2019-01-01T10:45:00,https://www.yahoo.com/news/9-hurt-car-rams-famed-tokyo-street-years-065355691.html,-3.90625
yahoo.com,,2019-01-01T10:45:00,https://www.yahoo.com/news/bashir-forms-panel-probe-sudan-protest-violence-094442850.html,-7.60869565217391
reuters.com,,2019-01-01T10:45:00,https://www.reuters.com/article/us-hongkong-politics/thousands-march-in-hong-kong-against-china-repression-after-grim-2018-idUSKCN1OV1F1,-2.98804780876494
reuters.com,,2019-01-01T10:45:00,https://www.reuters.com/article/us-new-year-thailand-idUSKCN1OV1EZ,-4.66666666666667
yahoo.com,,2019-01-01T11:00:00,https://www.yahoo.com/news/yemen-rebels-slam-wfp-rotten-food-aid-103004441.html,-8.64553314121038
reuters.com,,2019-01-01T11:15:00,https://www.reuters.com/article/oman-budget-idUSL8N1Z107K,-5.68627450980392
finance.yahoo.com,,2019-01-01T11:15:00,https://finance.yahoo.com/news/india-takes-aim-extremist-apos-072659904.html,-3.33333333333333
reuters.com,,2019-01-01T11:30:00,https://www.reuters.com/article/us-israel-election/former-israeli-foreign-minister-livni-left-out-in-political-cold-idUSKCN1OV1G2,2.0
yahoo.com,,2019-01-01T11:30:00,https://www.yahoo.com/news/sudanese-president-orders-probe-recent-protests-101647006.html,-5.79710144927536
yahoo.com,,2019-01-01T11:30:00,https://www.yahoo.com/news/israel-opposition-dramatic-split-ahead-election-110151175.html,0.226757369614512
reuters.com,,2019-01-01T11:30:00,https://www.reuters.com/article/us-new-year-thailand/thai-man-kills-six-family-members-after-new-years-party-police-idUSKCN1OV1EZ,-4.66666666666667
reuters.com,,2019-01-01T11:30:00,https://www.reuters.com/article/us-usa-afghanistan-people/afghanistans-neighbors-fear-refugee-crisis-if-us-pulls-out-idUSKCN1OV1E4,-3.75
reuters.com,,2019-01-01T11:30:00,https://www.reuters.com/article/us-mideast-australia-recruiter/australias-bid-to-strip-islamic-state-recruiters-citizenship-hits-snag-idUSKCN1OV1EX,-4.25531914893617
reuters.com,,2019-01-01T11:45:00,https://www.reuters.com/article/us-football-nfl-coaches/nfl-league-under-scrutiny-for-lack-of-minority-coaches-idUSKCN1OV1CQ,0.227790432801822
reuters.com,,2019-01-01T11:45:00,https://www.reuters.com/article/us-congo-election/congo-cuts-internet-for-second-day-to-avert-chaos-before-poll-results-idUSKCN1OV1GL,-4.25963488843813
marketwatch.com,,2019-01-01T11:45:00,https://www.marketwatch.com/press-release/town-country-bridal-and-formalwear-announces-opening-of-new-store-in-st-louis-2019-01-01,4.48598130841121
yahoo.com,,2019-01-01T11:45:00,https://www.yahoo.com/news/liz-weston-time-fix-social-securitys-tax-burden-134250804--finance.html,-1.56815440289505
marketwatch.com,,2019-01-01T11:45:00,https://www.marketwatch.com/press-release/george-a-williams-md-begins-term-as-2019-president-of-the-american-academy-of-ophthalmology-2019-01-01,2.39410681399632
reuters.com,,2019-01-01T11:45:00,https://www.reuters.com/article/uk-global-forex/euro-yen-draw-investors-as-u-s-uncertainty-hurts-dollar-idUSKCN1ON01S,-0.994035785288271
yahoo.com,,2019-01-01T11:45:00,https://www.yahoo.com/news/wall-street-selloff-worsens-mnuchin-183131205.html,-2.19941348973607
marketwatch.com,,2019-01-01T11:45:00,https://www.marketwatch.com/press-release/new-york-times-best-selling-author-diane-sanfilippo-debuts-keto-quick-start-a-beginners-guide-to-a-whole-foods-ketogenic-diet-2019-01-01,3.08285163776493
reuters.com,,2019-01-01T12:00:00,https://www.reuters.com/article/dubai-budget/dubai-2019-budget-to-slow-spending-growth-sees-small-revenue-rise-idUSD5N1WP009,0.75187969924812
yahoo.com,,2019-01-01T12:30:00,https://www.yahoo.com/news/afghan-taliban-says-post-occupation-discussed-iran-092047876.html,-1.79028132992327
yahoo.com,,2019-01-01T12:30:00,https://www.yahoo.com/news/yemen-rebels-deny-un-accusations-stealing-aid-deliveries-105755085.html,-7.40740740740741
finance.yahoo.com,,2019-01-01T12:30:00,https://finance.yahoo.com/news/low-carb-low-fat-latest-dieting-studies-tell-105232195.html,-1.31578947368421
yahoo.com,,2019-01-01T12:45:00,https://www.yahoo.com/news/nasa-probe-believed-passed-distant-space-rock-landmark-063356906.html,-1.24740124740125
reuters.com,,2019-01-01T12:45:00,https://www.reuters.com/article/us-yemen-security/un-says-yemen-houthis-redeployment-in-hodeidah-should-respect-stockholm-deal-idUSKCN1OT0GG,0.0
yahoo.com,,2019-01-01T12:45:00,https://www.yahoo.com/news/facebook-refused-hand-over-data-145644301.html,-1.33155792276964
finance.yahoo.com,,2019-01-01T13:00:00,https://finance.yahoo.com/news/estimating-intrinsic-value-telecom-italia-101552219.html,1.28700128700129
reuters.com,,2019-01-01T13:00:00,https://www.reuters.com/article/us-britain-security-manchester-police/uk-police-treating-manchester-stabbing-attack-as-terrorist-investigation-idUSKCN1OV1I0,-6.59340659340659
finance.yahoo.com,,2019-01-01T13:00:00,https://finance.yahoo.com/news/does-ternienergia-p-bit-ter-102529065.html,-0.481540930979133
finance.yahoo.com,,2019-01-01T13:00:00,https://finance.yahoo.com/news/italy-apos-president-chastises-populists-205356650.html,-0.891719745222931
reuters.com,,2019-01-01T13:15:00,https://www.reuters.com/article/us-india-palmoil-tax/india-cuts-tax-on-palm-oil-imports-malaysia-to-gain-most-idUSKCN1OV1AM,-2.39130434782609
reuters.com,,2019-01-01T13:15:00,https://www.reuters.com/article/us-usa-oil-production/us-october-crude-oil-production-sets-record-high-eia-idUSKCN1OU0XT,-0.961538461538461
reuters.com,,2019-01-01T13:30:00,https://www.reuters.com/article/us-britain-security-manchester/uk-police-look-for-terrorism-links-in-manchester-new-years-eve-stabbings-idUSKCN1OU17F,-7.2992700729927
yahoo.com,,2019-01-01T13:30:00,https://www.yahoo.com/news/dozens-trapped-under-rubble-russia-160018358.html,-22.2222222222222
yahoo.com,,2019-01-01T13:30:00,https://www.yahoo.com/news/morocco-rescues-over-360-migrants-sea-military-source-203304128.html,-6.52173913043478
investing.com,,2019-01-01T13:30:00,https://www.investing.com/news/economy-news/final-hour-rally-in-lenders-bolsters-india-equity-benchmark-1734276,0.56657223796034
reuters.com,,2019-01-01T13:30:00,https://www.reuters.com/article/us-new-year-afghanistan-nato/top-u-s-commander-in-afghanistan-sees-peace-opportunity-in-2019-idUSKCN1OV1J8,-2.33463035019455
reuters.com,,2019-01-01T13:30:00,https://www.reuters.com/article/us-india-politics-modi/india-ruling-party-confident-of-doing-well-in-general-election-modi-idUSKCN1OV1JR,-1.24333925399645
investing.com,,2019-01-01T13:30:00,https://www.investing.com/news/world-news/india-ruling-party-confident-of-doing-well-in-general-election-modi-1734307,-1.73410404624277
investing.com,,2019-01-01T13:30:00,https://www.investing.com/news/stock-market-news/north-koreas-kim-warns-trump-talks-at-risk-over-sanctions-1734268,-1.06761565836299
investing.com,,2019-01-01T13:30:00,https://www.investing.com/news/world-news/top-us-commander-in-afghanistan-sees-peace-opportunity-in-2019-1734304,-3.39702760084926
